512195,Red Notice
585245,Clifford the Big Red Dog
876716,Ciao Alberto
654974,Home Sweet Home Alone
550988,Free Guy
877183,The Simpsons in Plusaversary
568124,Encanto
459151,The Boss Baby: Family Business
639721,The Addams Family 2
451048,Jungle Cruise
589754,Последний богатырь: Корень зла
871964,W lesie dziś nie zaśnie nikt 2
508943,Luca
425909,Ghostbusters: Afterlife
805411,Descendants: The Royal Wedding
762469,Father Christmas Is Back
675445,PAW Patrol: The Movie
379686,Space Jam: A New Legacy
337404,Cruella
760747,I onde dager
885458,Detetive Madeinusa
772436,Matando Cabos 2: La Máscara del Máscara
529203,The Croods: A New Age
846167,W jak morderstwo
879163,Peçanha Contra o Animal
809065,Flashback
726684,"Miraculous World: Shanghai, la légende de Ladydragon"
613098,Operación Camarón
711475,Here Today
755812,"Miraculous World : New York, les héros unis"
812204,Rock Dog 2: Rock Around the Park
324857,Spider-Man: Into the Spider-Verse
813258,Monster Pets: A Hotel Transylvania Short
641501,Comment je suis devenu super-héros
840756,Mi otra yo
843906,Straight Outta Nowhere: Scooby-Doo! Meets Courage the Cowardly Dog
354912,Coco
573164,Un rescate de huevitos
846214,"The Simpsons: The Good, the Bart, and the Loki"
347201,BORUTO -NARUTO THE MOVIE-
587807,Tom & Jerry
852663,LEGO Monkie Kid: A Hero Is Born
597316,My Little Pony: A New Generation
585083,Hotel Transylvania: Transformania
785533,The Princess Switch 3: Romancing the Star
522478,Peter Rabbit 2: The Runaway
508442,Soul
43074,Ghostbusters
729720,Le Dernier Mercenaire
400160,The SpongeBob Movie: Sponge on the Run
449406,Vivo
763873,Under Wraps
617502,Jolt
613583,Chacun chez soi
482321,Ron's Gone Wrong
680319,We Broke Up
678580,El mesero
531219,Roald Dahl's The Witches
550205,Wish Dragon
768744,僕のヒーローアカデミア THE MOVIE ワールド ヒーローズ ミッション
834404,Teen Titans Go! See Space Jam
857702,LEGO Star Wars Terrifying Tales
623135,싱크홀
773660,Este amor es de otro planeta
763532,Long Story Short
214756,Ted 2
784500,劇場版 美少女戦士セーラームーンEternal 後編
293660,Deadpool
410113,The Loud House Movie
335797,Sing
887645,Amor Sem Medida
572154,青春ブタ野郎はゆめみる少女の夢を見ない
532067,映画 この素晴らしい世界に祝福を！紅伝説
741074,Once Upon a Snowman
4564,Sex and the City
569094,Spider-Man: Across the Spider-Verse
800497,Werewolves Within
883648,Little Big Mouth
811367,22 vs. Earth
882812,No me echen ese muerto
653349,Vacation Friends
800823,A todo tren: destino Asturias
347626,He's All That
8871,How the Grinch Stole Christmas
98566,Teenage Mutant Ninja Turtles
384018,Fast & Furious Presents: Hobbs & Shaw
585,"Monsters, Inc."
607259,Fatherhood
454626,Sonic the Hedgehog
808,Shrek
18785,The Hangover
774456,García y García
330457,Frozen II
383498,Deadpool 2
786705,Confissões de Uma Garota Excluída
400155,Hotel Transylvania 3: Summer Vacation
106646,The Wolf of Wall Street
57214,Project X
360920,The Grinch
438695,Sing 2
654028,The Christmas Chronicles: Part Two
177572,Big Hero 6
578908,Bad Trip
72105,Ted
593910,Cinderella
662237,새콤달콤
50546,Just Go with It
193893,Let's Be Cops
75624,劇場版 NARUTO -ナルト- ブラッド・プリズン
49519,The Croods
727745,The Kissing Booth 3
112679,Italian Spiderman
38365,Grown Ups
809,Shrek 2
425,Ice Age
301528,Toy Story 4
26123,American Pie Presents: The Book of Love
826914,Muppets Haunted Mansion
677638,We Bare Bears: The Movie
35,The Simpsons Movie
776909,Fuimos canciones
2062,Ratatouille
45682,Xun zhao Cheng Long
10358,Zack and Miri Make a Porno
446893,Trolls World Tour
18240,The Proposal
643586,Willy's Wonderland
785516,8 Rue de l'Humanité
9637,Scooby-Doo
118,Charlie and the Chocolate Factory
257344,Pixels
734265,Love Hard
512200,Jumanji: The Next Level
43347,Love & Other Drugs
109418,Grown Ups 2
615677,We Can Be Heroes
45243,The Hangover Part II
11249,Seed of Chucky
615678,Thunder Force
454699,Happy Family
893204,Single Mother by Choice
8355,Ice Age: Dawn of the Dinosaurs
412117,The Secret Life of Pets 2
9023,Spirit: Stallion of the Cimarron
109439,The Hangover Part III
4247,Scary Movie
785539,Resort to Love
225886,Sex Tape
260514,Cars 3
479455,Men in Black: International
76492,Hotel Transylvania
5255,The Polar Express
662546,Godmothered
607383,Aquaslash
788905,A un paso de mí
726739,Cats & Dogs 3: Paws Unite
14849,Dead Like Me: Life After Death
621870,Secret Society of Second Born Royals
496243,기생충
739542,America: The Motion Picture
10201,Yes Man
351694,西游记之大圣归来
87428,That's My Boy
530079,きみと、波にのれたら
36728,劇場版 NARUTO -ナルト- 疾風伝 火の意志を継ぐ者
14160,Up
16996,17 Again
82690,Wreck-It Ralph
20222,Sexo con amor
857910,Lokillo: nada es igual
522931,Hitman's Wife's Bodyguard
41630,No Strings Attached
223702,Sausage Party
134374,Pain & Gain
10193,Toy Story 3
481084,The Addams Family
594328,Phineas and Ferb: The Movie: Candace Against the Universe
291870,Dirty Grandpa
4258,Scary Movie 5
484718,Coming 2 America
41154,Men in Black 3
287947,Shazam!
23988,Stan Helsing
105965,Beverly Hills Chihuahua 3: Viva la Fiesta!
272818,Monstruosamente Solo
77338,Intouchables
676842,Después de ti
453071,ナルトが火影になった日
553835,劇場版 ダンジョンに出会いを求めるのは間違っているだろうか -オリオンの矢-
37786,Sex and the City 2
49013,Cars 2
404368,Ralph Breaks the Internet
953,Madagascar
390043,The Hitman's Bodyguard
11688,The Emperor's New Groove
802504,Just Say Yes
647302,Benny Loves You
8920,Garfield
159824,Hotel Transylvania 2
675353,Sonic the Hedgehog 2
150540,Inside Out
576393,一吻定情
20048,Confessions of a Shopaholic
39513,Paul
19840,"I Love You, Beth Cooper"
38055,Megamind
232672,Blended
660982,American Pie Presents: Girls' Rules
709629,Guerra de Likes
542178,The French Dispatch
269149,Zootopia
270946,Penguins of Madagascar
9502,Kung Fu Panda
433422,劇場版 FAIRY TAIL 『DRAGON CRY』
950,Ice Age: The Meltdown
19908,Zombieland
554596,No Manches Frida 2
778814,Daisy Quokka: World's Scariest Animal
375794,No Manches Frida
351819,Fifty Shades of Black
810,Shrek the Third
664236,Extinct
14306,Marley & Me
34544,The A-Team
37834,Knight and Day
644092,Finding 'Ohana
721656,"Happy Halloween, Scooby-Doo!"
577242,Kaamelott: Premier volet
9948,The Fox and the Hound 2
278154,Ice Age: Collision Course
57800,Ice Age: Continental Drift
766680,Sexo
46195,Rio
93456,Despicable Me 2
374205,ワンピース　フィルム GOLD
643882,The Princess Switch: Switched Again
364689,Ferdinand
228326,The Book of Life
797394,"Ганзель, Гретель и Агентство Магии"
10202,Bedtime Stories
256591,Focus
638134,Pets United
4248,Scary Movie 2
14405,Beverly Hills Chihuahua
682254,Scooby-Doo! The Sword and the Scoob
11836,The SpongeBob SquarePants Movie
536728,The Space Between
13971,Wild Child
454640,The Angry Birds Movie 2
139038,A Haunted House
62177,Brave
353486,Jumanji: Welcome to the Jungle
76489,The Three Stooges
520942,Christmas Down Under
10521,Bride Wars
346910,The Predator
302699,Central Intelligence
38322,"Big Mommas: Like Father, Like Son"
20453,3 Idiots
14248,Igor
664168,Fat Ass Zombies
82702,How to Train Your Dragon 2
136799,Trolls
621876,Flora & Ulysses
825597,Maggie Simpson in The Force Awakens from Its Nap
12153,White Chicks
140300,Kung Fu Panda 3
17610,Year One
768334,A Classic Horror Story
624963,A Babysitter's Guide to Monster Hunting
23023,Tooth Fairy
454983,The Kissing Booth
338967,Zombieland: Double Tap
442062,Goosebumps 2: Haunted Halloween
7446,Tropic Thunder
648964,"Ninja Escapades: Creation of Akatsuki, The Two Uchiha, The Far Reaches of Hope"
381289,A Dog's Purpose
273477,Scouts Guide to the Zombie Apocalypse
590223,Love and Monsters
50646,"Crazy, Stupid, Love."
71552,American Reunion
27581,The Other Guys
10192,Shrek Forever After
630520,La noche mágica
13688,長江七號
920,Cars
19994,Jennifer's Body
19913,(500) Days of Summer
23631,Machete
11430,The Lion King 1½
19458,Princess Protection Program
20352,Despicable Me
62206,30 Minutes or Less
13596,My Best Friend's Girl
15165,Barbie as The Princess & the Pauper
570269,劇場版トリニティセブン -天空図書館と真紅の魔王-
19899,Couples Retreat
291805,Now You See Me 2
308531,Teenage Mutant Ninja Turtles: Out of the Shadows
350,The Devil Wears Prada
